Date,Close/Last,Volume,Open,High,Low
06/29/2021,$373.42,1224084,$379.876,$380.4,$373.245
06/28/2021,$380.07,778201,$381.67,$382.733,$378.82
06/25/2021,$382.01,1708141,$376.89,$383.42,$376.89
06/24/2021,$377.73,1032939,$379.52,$379.99,$376.85
06/23/2021,$377.33,1023970,$382.21,$382.51,$377.26
06/22/2021,$382.48,636199,$381.54,$383.88,$379.65
06/21/2021,$382.5,1186964,$381.23,$385.44,$380.61
06/18/2021,$379.19,2416444,$380.17,$382.1,$379
06/17/2021,$382.9,1246494,$384.28,$385.52,$379.57
06/16/2021,$383.6,1524204,$390.81,$391.0028,$383.2
06/15/2021,$389.8,943906,$390,$392.045,$389.06
06/14/2021,$389.11,868503,$387.61,$389.455,$385.88
06/11/2021,$387.72,751226,$388.78,$389.15,$385.17
06/10/2021,$387.72,913818,$389.14,$389.74,$386.09
06/09/2021,$386.8,1046135,$389.27,$389.27,$385.12
06/08/2021,$388.53,1064965,$391.51,$392.66,$387.07
06/07/2021,$391.51,1088039,$395.04,$395.72,$389.6101
06/04/2021,$394.1,1836215,$388,$395.52,$387.61
06/03/2021,$387.35,1649900,$383.76,$387.54,$383.095
06/02/2021,$385.09,1007639,$382.01,$385.5,$380.63
06/01/2021,$381.92,962235,$384.23,$384.43,$381.13
05/28/2021,$382.2,936255,$384.7,$386,$381.52
05/27/2021,$387.39,3979331,$387.4,$387.95,$384.28
05/26/2021,$384.13,999616,$385.57,$386.0659,$382.2101
05/25/2021,$385.85,978570,$387.9,$389.5,$385.18
05/24/2021,$387.71,931421,$389.5,$389.75,$385.9624
05/21/2021,$387.22,892481,$389.3,$392.19,$385.56
05/20/2021,$388.32,1094677,$386.79,$389.54,$386.07
05/19/2021,$385.54,994987,$385,$385.73,$381.35
05/18/2021,$387.22,1172060,$391.27,$394.17,$387.08
05/17/2021,$391.12,979106,$389.63,$392.03,$388.715
05/14/2021,$390.78,799836,$390.17,$392.1,$388.59
05/13/2021,$387.77,1106033,$381.78,$390.38,$380.95
05/12/2021,$380.62,1633728,$387.97,$390.35,$380.2
05/11/2021,$387.82,1353302,$391.03,$391.68,$384.41
05/10/2021,$393.14,1578569,$391.36,$396.99,$391.29
05/07/2021,$390.34,1203659,$387,$392.6,$385.89
05/06/2021,$387.34,1079568,$387.99,$389.3,$386
05/05/2021,$386.37,759842,$386.34,$387.48,$381.705
05/04/2021,$387.48,1509589,$387.25,$390.15,$384.54
05/03/2021,$385.31,1347374,$379.77,$386.39,$379.06
04/30/2021,$380.56,1103881,$378.86,$382,$377.6
04/29/2021,$380.35,1385925,$375,$381.98,$374.84
04/28/2021,$372.94,1110353,$373.46,$373.88,$370.95
04/27/2021,$373.22,1564899,$371.5,$374.24,$370.142
04/26/2021,$371.98,1518126,$374.28,$375.31,$370.72
04/23/2021,$377.29,1298269,$378.59,$378.59,$373.32
04/22/2021,$380.09,1670498,$386.77,$386.77,$378.4
04/21/2021,$387.24,1358517,$387.52,$390.885,$384.95
04/20/2021,$387.33,1370268,$388,$391.5,$384.62
04/19/2021,$391.73,1317625,$392,$392.39,$386.62
04/16/2021,$391.81,1499667,$392.82,$394.335,$389.8
04/15/2021,$390.63,1289354,$388.67,$392,$387.7
04/14/2021,$388.67,1078789,$387.4,$391.2407,$387
04/13/2021,$387.11,1124303,$386.56,$388.2,$384.3398
04/12/2021,$387.85,1067582,$387.13,$388.7056,$384.288
04/09/2021,$386.23,1400872,$386.88,$390.26,$383.6619
04/08/2021,$386.02,1863516,$379.6,$387.42,$378.31
04/07/2021,$380.19,977184,$378.74,$380.4,$376.07
04/06/2021,$378.97,1036026,$376.51,$380.104,$376.315
04/05/2021,$378.75,1489323,$372.06,$380.4,$372.06
04/01/2021,$371.02,1261845,$368.99,$372.99,$368.3439
03/31/2021,$369.5,1375493,$370.75,$372.61,$367.38
03/30/2021,$370.54,1518830,$373.25,$374.13,$368.61
03/29/2021,$372.79,2245475,$365,$374.24,$365
03/26/2021,$364.71,2010519,$362.31,$365.25,$359.75
03/25/2021,$361.22,1598138,$354.77,$361.79,$354.22
03/24/2021,$356.12,1592280,$354.99,$362.68,$354.99
03/23/2021,$353.61,1474639,$357.11,$359.245,$352.6719
03/22/2021,$357.66,2190894,$352,$358.37,$352
03/19/2021,$355.07,5739094,$359.43,$359.43,$350.1
03/18/2021,$358.45,2272188,$353.87,$359,$352.5428
03/17/2021,$351.02,2082960,$347.83,$355.55,$347.13
03/16/2021,$347.13,1687736,$346.51,$349,$342.3
03/15/2021,$346.41,2056734,$344.38,$346.64,$342.6
03/12/2021,$340.19,2151903,$339.64,$343.65,$338.62
03/11/2021,$339.73,1673477,$341,$343.63,$338.46
03/10/2021,$340.84,1760331,$339.41,$343.19,$335.69
03/09/2021,$337.5,1448767,$341.41,$342.85,$337.27
03/08/2021,$341.45,1599138,$343.5,$346.06,$338.44
03/05/2021,$340.43,1451254,$338.47,$341.17,$335.13
03/04/2021,$338.25,2196693,$340.48,$344.35,$334.15
03/03/2021,$340.91,4052270,$339.61,$346.3312,$338.59
03/02/2021,$338.59,2076290,$333.27,$340.01,$332.67
03/01/2021,$333.47,1655133,$334,$337.72,$332.82
02/26/2021,$330.25,2023977,$338,$338.76,$330
02/25/2021,$341.69,1568044,$345.8,$349.1,$340.67
02/24/2021,$346.53,2068730,$347.28,$350.3,$344.61
02/23/2021,$346.23,2400011,$345.13,$347.47,$338.33
02/22/2021,$340.47,1657245,$333.8,$343.5599,$333.21
02/19/2021,$335.42,1849154,$339.07,$339.09,$335.25
02/18/2021,$337.92,1296402,$336.88,$339.58,$335.28
02/17/2021,$337,2021788,$334.7,$339.27,$332.79
02/16/2021,$335.03,1668384,$339.25,$340,$333.8169
02/12/2021,$337.73,1207347,$338.4,$340.6445,$336.56
02/11/2021,$339.14,1181566,$340.78,$344.61,$338.03
02/10/2021,$342.19,1728882,$343.22,$343.74,$339.15
02/09/2021,$342.34,1677472,$338.54,$344.51,$336.57
02/08/2021,$337.84,1549852,$339.01,$339.5,$335.2
02/05/2021,$337.04,1454717,$339.59,$341.42,$336.5
02/04/2021,$337.23,2174109,$333.99,$338.42,$332.18
02/03/2021,$332.39,2683133,$331.68,$333.4,$328.3
02/02/2021,$332.7,2065380,$327.43,$335.2,$326.69
02/01/2021,$324.03,1615460,$324.88,$325.65,$319.81
01/29/2021,$321.82,2101146,$327.1,$328.98,$321.72
01/28/2021,$327.93,1837783,$332.14,$334.68,$327.1784
01/27/2021,$332.51,2666254,$332.28,$335.73,$329.674
01/26/2021,$330.69,3542394,$339,$343.98,$330.69
01/25/2021,$343.51,1976590,$339.36,$346.89,$337.9
01/22/2021,$339.88,1557608,$338.74,$341.84,$337.21
01/21/2021,$339.67,1662714,$341.67,$343.61,$338.96
01/20/2021,$341.67,1780036,$342.54,$343.78,$339.215
01/19/2021,$341.5,2017205,$350.74,$350.97,$341.48
01/15/2021,$347.27,1853095,$347.09,$350.5,$344.278
01/14/2021,$347.44,1965626,$348,$354.79,$346.85
01/13/2021,$345.49,1648145,$341.41,$347.2,$339.165
01/12/2021,$341.85,3002223,$336.52,$343.37,$335.63
01/11/2021,$337.68,3203959,$335,$339,$333.32
01/08/2021,$336.1,3226305,$341.88,$343.47,$335.01
01/07/2021,$342.55,2048908,$344.36,$347.8499,$341.3398
01/06/2021,$348.03,1897475,$343,$351.92,$342.7826
01/05/2021,$348.79,1479063,$344.64,$351.19,$343.3
01/04/2021,$344.64,1887470,$354.98,$354.98,$341.065
12/31/2020,$354.98,1318520,$353.82,$356.03,$352.23
12/30/2020,$354.16,840790,$353,$356.61,$353
12/29/2020,$353.9,1056162,$356,$357.35,$351.8
12/28/2020,$354.18,1023404,$353.11,$357.82,$351.71
12/24/2020,$351.97,508779,$352.83,$354.0561,$350.4
12/23/2020,$351.6,1307538,$349.95,$354.995,$349.4
12/22/2020,$347.92,1822762,$349.35,$350.62,$347.385
12/21/2020,$349.35,2128723,$353.16,$353.94,$346.6
12/18/2020,$356.03,4342035,$352.04,$356.79,$350.01
12/17/2020,$352.6,1658146,$355.93,$357.66,$351.88
12/16/2020,$354.57,1986456,$357.25,$357.899,$353.65
12/15/2020,$357.57,1521203,$358.73,$359.89,$355.445
12/14/2020,$357.66,1370771,$363.5,$365.62,$357.44
12/11/2020,$361.71,1410012,$354.55,$363.12,$354.19
12/10/2020,$355.39,1378723,$359.52,$364.215,$355.195
12/09/2020,$361.35,1522393,$359.85,$362.59,$356.945
12/08/2020,$359.23,1783602,$360.98,$363.17,$358.835
12/07/2020,$362.13,1390470,$366.9,$366.9,$360.54
12/04/2020,$366.61,1222573,$363.12,$367.73,$362.11
12/03/2020,$362.03,1758402,$362.12,$369.5,$360.96
12/02/2020,$361.36,2519989,$364.99,$365.9899,$360.01
12/01/2020,$364.99,1300793,$368.47,$373.29,$364.87
11/30/2020,$365,1608390,$370.79,$372.44,$363.39
11/27/2020,$374.34,612298,$378.81,$378.81,$373.45
11/25/2020,$378.34,854993,$377.09,$381.95,$376.23
11/24/2020,$378.48,959456,$375.28,$378.48,$373.06
11/23/2020,$370.85,929449,$371.54,$374.53,$369.86
11/20/2020,$368.02,1117931,$375.97,$377.2373,$367.62
11/19/2020,$376.46,1075405,$375,$377.75,$372.17
11/18/2020,$377.56,1066781,$377.49,$383.4699,$376.24
11/17/2020,$375.9,1321480,$375.66,$380.48,$375.25
11/16/2020,$377.13,1306768,$378.05,$380.69,$376.08
11/13/2020,$375.14,921474,$370.57,$376,$369.23
11/12/2020,$367.89,856345,$367.5,$370.57,$365.51
11/11/2020,$369.28,1115361,$372.87,$373.33,$365.68
11/10/2020,$371.28,1708205,$365,$373.435,$363.94
11/09/2020,$363.95,1956921,$379.6,$381.52,$363.73
11/06/2020,$361.27,1401617,$363.3,$363.73,$357.95
11/05/2020,$364.7,1709297,$374.55,$376.5,$363.77
11/04/2020,$372.16,2146525,$371.07,$381.46,$369.51
11/03/2020,$363.44,1484628,$357.13,$366.2,$356.21
11/02/2020,$352.42,1707749,$356.12,$359.91,$350.72
10/30/2020,$350.13,1310167,$350.64,$353.73,$345.65
10/29/2020,$352.44,1547977,$350,$356.225,$348.29
10/28/2020,$350.86,1680134,$356.87,$360,$350.45
10/27/2020,$362.43,977417,$367,$367.98,$360.805
10/26/2020,$368.55,1387270,$369.43,$369.87,$362.5016
10/23/2020,$374.33,1178882,$371.34,$376.19,$369.01
10/22/2020,$368.96,1255370,$367.5,$371.11,$365.15
10/21/2020,$367.14,1931194,$372.21,$375,$365
10/20/2020,$372.21,1783180,$382.59,$385.79,$371.8
10/19/2020,$383.71,1180993,$387.24,$389.6,$381.671
10/16/2020,$386.5,952117,$388.49,$389.78,$386.09
10/15/2020,$386.12,792113,$387.33,$388.87,$383.22
10/14/2020,$390.72,1090394,$387.14,$395.46,$387.14
10/13/2020,$388.95,973378,$386.14,$390.56,$385.12
10/12/2020,$388.92,807358,$386,$390.51,$383.26
10/09/2020,$385.93,675020,$388.41,$390.1,$385.29
10/08/2020,$388.59,695156,$383.9,$389.19,$382.2784
10/07/2020,$382.94,826844,$378.6,$383.84,$378.56
10/06/2020,$376.46,954931,$386.03,$386.11,$376.02
10/05/2020,$383.96,825249,$383.24,$385.8891,$378.86
10/02/2020,$380.58,1217172,$376,$383.4766,$374.28
10/01/2020,$380.89,1103853,$384,$390,$379
09/30/2020,$383.28,1410264,$389.47,$389.76,$380.51
09/29/2020,$388.74,1121387,$389.61,$393.15,$387.51
09/28/2020,$390.51,980091,$390,$396.61,$389.65
09/25/2020,$386.7,1375385,$377.45,$388.4,$376.45
09/24/2020,$378.76,1295262,$383.25,$384.49,$375.095
09/23/2020,$383.24,1223324,$389.23,$394.4271,$381.99
09/22/2020,$388.42,1286535,$381.88,$392.48,$381.3443
09/21/2020,$379.61,1447716,$388.5,$389.8658,$377.23
09/18/2020,$395.14,2636802,$394.15,$399,$394.15
09/17/2020,$395.94,959548,$392,$398.55,$389.54
09/16/2020,$395.58,1052509,$391.11,$399.6,$390.93
09/15/2020,$392.55,955899,$395.65,$396,$386.89
09/14/2020,$393.75,991054,$393.37,$396.67,$391.62
09/11/2020,$389.45,933979,$381.47,$390.4999,$380.75
09/10/2020,$379.11,716427,$386.02,$388.5323,$378.33
09/09/2020,$385.24,1218293,$382.69,$389.42,$381.0101
09/08/2020,$380.23,1071648,$383.99,$385.285,$378.36
09/04/2020,$385.02,933794,$388.51,$391.55,$379.58
09/03/2020,$386.29,1500784,$399.5,$401.8755,$383.38
09/02/2020,$398.07,1214735,$385.15,$398.9,$384.11
09/01/2020,$386.81,908902,$387.82,$389.185,$385
08/31/2020,$390.26,1030838,$392.17,$395,$388.47
08/28/2020,$395.59,728261,$395.51,$396,$391.73
08/27/2020,$395.02,700460,$396.84,$400.085,$394.88
08/26/2020,$395.44,908779,$393,$397.66,$390.56
08/25/2020,$394.84,987415,$395.72,$402.375,$392.4
08/24/2020,$395.04,1006398,$390.83,$395.57,$389.9
08/21/2020,$389.57,996274,$387.71,$390.79,$386.8596
08/20/2020,$387.88,1203695,$388.28,$389.2,$383.577
08/19/2020,$390.05,717523,$390.08,$391.97,$388.84
08/18/2020,$390.26,806128,$389.17,$391.91,$388.3434
08/17/2020,$388.96,864415,$393.98,$395.19,$387.73
08/14/2020,$391.42,648605,$388.64,$394.2,$388.02
08/13/2020,$389.24,1053647,$390.35,$394.05,$387
08/12/2020,$392.44,878821,$394.02,$396.52,$391.29
08/11/2020,$391.96,1312906,$391.51,$399.49,$391.33
08/10/2020,$389.26,856011,$386.02,$391.11,$385.96
08/07/2020,$385.62,924890,$380.01,$386.66,$378.76
08/06/2020,$379.74,698536,$381.78,$383.19,$378.09
08/05/2020,$383.5,1018673,$380,$384.87,$378.27
08/04/2020,$377.99,900732,$379.08,$380.8424,$376.29
08/03/2020,$377.1,923365,$376.84,$378.41,$371.44
07/31/2020,$378.97,1101905,$380.55,$381.37,$373.675
07/30/2020,$381.72,983373,$382.71,$385.844,$380.86
07/29/2020,$387.3,1209630,$389.56,$390.4701,$384.63
07/28/2020,$386.66,1132400,$382,$390.21,$382
07/27/2020,$382.09,1047198,$384.73,$385.99,$380.11
07/24/2020,$386.21,1305844,$388,$393.49,$383.61
07/23/2020,$387.62,1442823,$393.77,$394.15,$385.71
07/22/2020,$394.08,2280690,$376.71,$394.67,$375.6159
07/21/2020,$375.12,1998090,$377.98,$378.9,$370.58
07/20/2020,$365.53,1444498,$369,$369,$362.427
07/17/2020,$368.5,1137227,$366.3,$369,$362.85
07/16/2020,$365.88,955809,$362.3,$365.94,$359.02
07/15/2020,$364.56,1617526,$361.64,$365.58,$360.56
07/14/2020,$355.66,1651882,$349.13,$355.92,$349
07/13/2020,$353.06,2031471,$353.6,$357.02,$348.6006
07/10/2020,$349.25,1514159,$342.33,$349.33,$341.66
07/09/2020,$339.96,1823849,$348,$349.485,$339.18
07/08/2020,$350.23,1965068,$353.5,$357.3,$348.63
07/07/2020,$353.27,1395868,$362.59,$362.9225,$352.78
07/06/2020,$362.59,1202394,$366.48,$367.115,$360.84
07/02/2020,$362,1395968,$363.53,$366.0699,$360.69
07/01/2020,$360.42,1430254,$366.34,$368.29,$360.31
06/30/2020,$364.92,1482412,$365.35,$367.25,$362.41
06/29/2020,$367.5,1073214,$360.39,$367.5,$359.49
06/26/2020,$356.76,2008720,$359.56,$367.42,$355.01
06/25/2020,$362.82,1391683,$357.86,$363.31,$353.33
06/24/2020,$359.82,2302816,$370.9,$371.23,$358.32
06/23/2020,$371.7,1469289,$378.25,$378.78,$371.0375
06/22/2020,$375.96,1370570,$372.26,$376.84,$370.44
06/19/2020,$372.2,4318735,$383.34,$383.59,$372
06/18/2020,$378.39,1561989,$379.68,$381.32,$376.07
06/17/2020,$382.11,1519042,$382.5,$386.235,$376.92
06/16/2020,$382.77,2038769,$386.56,$391.79,$379.58
06/15/2020,$373.28,2273477,$373.28,$377.1525,$367.5501
06/12/2020,$381.87,1788398,$393.33,$394.425,$376.47
06/11/2020,$383.88,1698839,$392.69,$397.31,$383.57
06/10/2020,$403.77,1188244,$406.5,$409.095,$403.4503
06/09/2020,$408.56,1188452,$410.53,$411.94,$407
06/08/2020,$414.3,1294898,$415,$417.62,$411.745
06/05/2020,$410.75,1702784,$410,$416,$406.45
06/04/2020,$403.67,1261970,$401.78,$404.8697,$399
06/03/2020,$402.63,1382257,$393.65,$403.6,$392.59
06/02/2020,$389.77,1404816,$388.64,$393.23,$386.99
06/01/2020,$388.96,1090489,$388.94,$394,$387.31
05/29/2020,$388.44,1734084,$396.04,$396.235,$384.77
05/28/2020,$398.44,1488858,$401.46,$404.2619,$398.16
05/27/2020,$397.12,1986894,$376.78,$397.12,$376.575
05/26/2020,$372.2,1596081,$376.95,$376.95,$370.57
05/22/2020,$369,752632,$369.86,$370.1595,$365.62
05/21/2020,$368.82,1179171,$362.69,$370.025,$362.6
05/20/2020,$362.51,1880508,$372.44,$374,$362.11
05/19/2020,$371.48,1087518,$378.07,$382.46,$371.24
05/18/2020,$377.54,1879761,$371.21,$380.4921,$366.02
05/15/2020,$360.4,1854733,$352.53,$361.51,$352.32
05/14/2020,$356.28,1776414,$360.99,$361.54,$352.26
05/13/2020,$364.18,1287444,$371.28,$372.46,$362.01
05/12/2020,$371.11,1448022,$378,$382.44,$371.03
05/11/2020,$376.56,1288199,$375,$379.5,$374.14
05/08/2020,$378.4,1130673,$378.03,$381.13,$376.25
05/07/2020,$376.54,1462008,$383.01,$384.13,$376
05/06/2020,$378.58,1089821,$390.89,$390.89,$378.41
05/05/2020,$390.3,1271196,$382.41,$392.78,$381.59
05/04/2020,$380.16,1078298,$382.02,$382.97,$374.13
05/01/2020,$383.47,911670,$385.64,$387.41,$381.09
04/30/2020,$389.06,1343303,$383.1,$391.44,$380.44
04/29/2020,$387.91,1500637,$388.16,$393.506,$379.5
04/28/2020,$384.73,1314033,$381.86,$387.83,$380.42
04/27/2020,$378.57,1457366,$383.91,$384.04,$378
04/24/2020,$381.77,1029269,$378.72,$384.057,$372.9798
04/23/2020,$376.73,1164387,$382.75,$384.8671,$376.185
04/22/2020,$380.4,1188744,$383.49,$383.94,$375.328
04/21/2020,$373.44,2041994,$383.01,$392.54,$371.01
04/20/2020,$383.21,1487184,$394.08,$399.968,$383.21
04/17/2020,$401.51,1768381,$387.42,$402.45,$384.83
04/16/2020,$377.88,1568405,$373.61,$381.295,$372.5001
04/15/2020,$374.38,1251454,$376.75,$376.75,$367.36
04/14/2020,$380.03,1653386,$378.29,$386.58,$374.5509
04/13/2020,$369.94,1237455,$370.95,$373.9899,$365.71
04/09/2020,$371,1629395,$369.74,$376.325,$363.52
04/08/2020,$361.41,1447756,$361.37,$372.65,$358.59
04/07/2020,$355.28,2101620,$380.5,$381.9,$354.05
04/06/2020,$367.95,2525354,$361.91,$369.95,$361.91
04/03/2020,$350.5,2113228,$352,$355.84,$349.61
04/02/2020,$353.96,1896286,$335.25,$354,$334.545
04/01/2020,$338.52,2082566,$324.83,$340.99,$322.0101
03/31/2020,$338.95,2169674,$344.81,$346.9173,$336.24
03/30/2020,$348.85,1756317,$351.49,$356.48,$342.2794
03/27/2020,$348.38,3562975,$339.99,$365.09,$335.01
03/26/2020,$350.33,2681161,$326,$352.1,$324.0116
03/25/2020,$319.67,2950520,$300.62,$329.82,$293.61
03/24/2020,$288.91,3088354,$287.97,$294.99,$280.241
03/23/2020,$276.8,3172086,$285,$287.06,$266.11
03/20/2020,$291.22,3040087,$314.2,$315.84,$288.21
03/19/2020,$314.2,2836722,$333.41,$334.1,$311.205
03/18/2020,$333.41,3589404,$296.92,$339.23,$296.04
03/17/2020,$318.83,2626228,$293,$319.47,$287.15
03/16/2020,$287.94,2351530,$295.01,$311.5615,$285
03/13/2020,$328.59,3877770,$327.33,$329.16,$303.1
03/12/2020,$311.38,3892633,$322,$339.42,$310.08
03/11/2020,$356.93,1951466,$356.57,$365.89,$349.79
03/10/2020,$367.17,2505975,$363.01,$367.67,$350.6
03/09/2020,$352.03,3086724,$359.98,$369.47,$351.27
03/06/2020,$382.47,2161008,$372.09,$384.95,$368.4631
03/05/2020,$384.7,1967451,$393.92,$397.85,$382.22
03/04/2020,$402.03,2025808,$385.42,$402.96,$383.185
03/03/2020,$377.4,2531514,$384.84,$396.9,$376.59
03/02/2020,$381.35,2859878,$371.35,$383.1,$360.57
02/28/2020,$369.87,3364321,$369.86,$373.82,$360.34
02/27/2020,$384.6,1894460,$393.52,$399.01,$384.33
02/26/2020,$400.9,1678581,$400.31,$410.52,$399.34
02/25/2020,$400.36,1600075,$420.1,$421.73,$397.53
02/24/2020,$419.35,1117774,$419.65,$424.2,$418.1
02/21/2020,$427.8,1055800,$425.12,$428.72,$422.66
02/20/2020,$425.97,1190564,$433.63,$434.99,$424.1562
02/19/2020,$434.48,787230,$437,$438.27,$434.4
02/18/2020,$435.55,776502,$437,$438.95,$434.01
02/14/2020,$437.85,948768,$434.98,$438.47,$434.31
02/13/2020,$434.7,800252,$435.8,$439.29,$434.3
02/12/2020,$436.6,1419473,$439.01,$439.69,$434.6
02/11/2020,$439.85,744852,$441.36,$442.5322,$437.47
02/10/2020,$439.76,870420,$439,$441.52,$437.82
02/07/2020,$439.17,883793,$438.14,$441.21,$437.29
02/06/2020,$438.97,833514,$435.56,$439.86,$434.9131
02/05/2020,$435.19,1251783,$433.32,$435.92,$429.02
02/04/2020,$430.78,1216258,$425.46,$431.99,$425.46
02/03/2020,$423.86,1795998,$429.52,$430,$422.04
01/31/2020,$428.12,1650244,$434.93,$435.57,$426.1
01/30/2020,$435.9,1210345,$430.344,$437,$430.34
01/29/2020,$433.84,1268927,$437.72,$437.99,$431.02
01/28/2020,$437.17,2063247,$434.77,$438.99,$426.27
01/27/2020,$432.38,1737869,$425.86,$434.45,$425.86
01/24/2020,$432.5,1087074,$429.9,$433.522,$429.69
01/23/2020,$428.78,978485,$424.06,$429.56,$424
01/22/2020,$424.42,919041,$427.5,$428.4976,$424.36
01/21/2020,$426.15,1071421,$424.42,$427.78,$423.01
01/17/2020,$425.66,1195646,$426.61,$427.54,$424.5
01/16/2020,$425.7,1085567,$423.13,$425.74,$420.67
01/15/2020,$420.95,833271,$416.42,$421.48,$416.14
01/14/2020,$416.14,967466,$417.59,$418.27,$415.0669
01/13/2020,$419.02,986889,$414.94,$420.96,$414.6601
01/10/2020,$413.83,987835,$415,$415.6,$412.48
01/09/2020,$414.93,1064337,$410.49,$416,$410
01/08/2020,$411.03,1709701,$417.06,$418.1803,$409.72
01/07/2020,$414.5,1081521,$411.25,$416.12,$408.29
01/06/2020,$413.11,2478943,$417.99,$417.99,$407.69
01/03/2020,$413.74,2990531,$404.02,$417.17,$403
01/02/2020,$399.37,1149985,$392.86,$399.37,$390.95
12/31/2019,$389.38,775368,$391.75,$391.98,$387.07
12/30/2019,$391.9,776966,$393.65,$393.76,$390.8672
12/27/2019,$393.6,729315,$393.99,$394.5,$391.94
12/26/2019,$392.3,711713,$390.9,$392.45,$390.48
12/24/2019,$390.17,516250,$392.35,$392.35,$389.53
12/23/2019,$391.9,1050417,$387.66,$394.69,$387.59
12/20/2019,$386.47,1599765,$385.03,$386.6373,$383
12/19/2019,$383.15,899285,$380.99,$384.68,$380.23
12/18/2019,$380.57,1526018,$387.4,$387.64,$379.66
12/17/2019,$386.89,730134,$385,$388,$385
12/16/2019,$385.95,847464,$387.9,$388.35,$384.048
12/13/2019,$386.47,658026,$384,$387.78,$383.995
12/12/2019,$384.05,736539,$386,$387.7899,$383.45
12/11/2019,$386.24,579709,$385.51,$386.612,$384.03
12/10/2019,$384.44,862109,$383.5,$386.77,$383.25
12/09/2019,$383.34,833635,$386.22,$387.42,$383.23
12/06/2019,$386.86,709743,$387.17,$388.9,$385.1
12/05/2019,$385.94,1203937,$386.06,$386.5,$383.01
12/04/2019,$384.58,1081122,$383.53,$387.95,$382.28
12/03/2019,$381.62,1502875,$381.43,$384.64,$380.141
12/02/2019,$383.62,1283565,$390.71,$391.53,$383.44
11/29/2019,$391.03,401529,$392,$392.1951,$390.042
11/27/2019,$394.24,770302,$393.63,$394.48,$391.62
11/26/2019,$392.5,1206645,$390.6,$395.95,$389.98
11/25/2019,$389.98,801371,$391.6,$393.1,$387.49
11/22/2019,$390.74,758654,$390.19,$391.3894,$387.82
11/21/2019,$390.26,1416867,$390.86,$392.25,$389.32
11/20/2019,$392.7,907757,$391.06,$393.54,$390.25
11/19/2019,$390.81,800294,$394,$395.8232,$390.53
11/18/2019,$392.76,827764,$393,$395.675,$391.95
11/15/2019,$393.55,1533552,$392.27,$394.49,$390.28
11/14/2019,$390.16,915586,$387.28,$392.3,$387.28
11/13/2019,$387.69,962410,$385.94,$390.52,$385.09
11/12/2019,$386.3,910737,$381.56,$387.5,$381.56
11/11/2019,$381.38,580913,$379.51,$383.41,$379.31
11/08/2019,$381.86,783576,$377.6,$382.88,$377.6
11/07/2019,$378.75,1157244,$380.34,$382.74,$377.91
11/06/2019,$379.79,1505809,$374.49,$379.93,$374.03
11/05/2019,$373.63,1364210,$374.06,$375.77,$371.31
11/04/2019,$374.48,1117519,$379.93,$380.78,$372.18
11/01/2019,$379.17,915629,$378.11,$380.95,$376.935
10/31/2019,$376.68,911811,$377.92,$380.18,$375.26
10/30/2019,$378.64,1064902,$373.22,$378.99,$371.47
10/29/2019,$371.1,1298549,$371.65,$375.25,$370.04
10/28/2019,$371.84,1322105,$371.39,$375.45,$370.12
10/25/2019,$370.73,1173479,$374.38,$374.885,$369.54
10/24/2019,$374.74,1137189,$373.76,$377.46,$372
10/23/2019,$373.09,1289629,$373.78,$374.99,$368.73
10/22/2019,$373.68,2595285,$363,$377.5,$363
10/21/2019,$374.05,1174602,$374.01,$375.89,$372.73
10/18/2019,$372.48,1935666,$376.72,$377.71,$368
10/17/2019,$377.06,1005147,$383.55,$384.21,$376.29
10/16/2019,$382.84,855112,$382.39,$384.385,$380.23
10/15/2019,$382.75,851382,$383.69,$385.7,$382.07
10/14/2019,$382.61,623447,$382.77,$385.37,$381.39
10/11/2019,$381.47,1329367,$389.79,$390.73,$381.25
10/10/2019,$386.88,700457,$383.99,$388.5071,$383.2
10/09/2019,$384.61,712573,$384.83,$386.33,$382.5
10/08/2019,$382.12,1001446,$381.06,$385.8,$379.29
10/07/2019,$383.78,864344,$385.01,$386.68,$382.69
10/04/2019,$384.95,771915,$380.21,$385.24,$379.49
10/03/2019,$380.06,928845,$378.87,$381.19,$374.33
10/02/2019,$378.16,1763814,$382.74,$383.06,$374.0676
10/01/2019,$384.19,1240345,$391.43,$392.48,$383.89
09/30/2019,$390.06,1293800,$388.56,$393.82,$388.4218
09/27/2019,$387.87,751895,$395.94,$395.95,$386.43
09/26/2019,$392.92,881099,$391.25,$394.64,$388.93
09/25/2019,$390.43,1337184,$390.58,$390.9,$387.71
09/24/2019,$389.17,1187707,$390,$392.99,$387.21
09/23/2019,$387.67,1155542,$388.07,$390.06,$386.11
09/20/2019,$388.25,2132356,$394.49,$395.44,$388.05
09/19/2019,$393.43,1046876,$397.14,$398.5,$393.03
09/18/2019,$397.04,784503,$394.78,$397.23,$391.5506
09/17/2019,$393.98,978401,$392.47,$399.96,$388.4321
09/16/2019,$392.66,1689923,$388.9,$394.6,$386.89
09/13/2019,$384.86,898638,$387.77,$387.77,$383.6
09/12/2019,$386.63,855144,$384.49,$388.51,$383.27
09/11/2019,$381.55,1125255,$381.2,$385.8,$380.055
09/10/2019,$381.32,1297959,$377.29,$381.32,$370.46
09/09/2019,$380.21,1146949,$387.95,$388.29,$380.04
09/06/2019,$386.56,701065,$387.28,$388.45,$385.81
09/05/2019,$385.15,941775,$390.48,$393.4284,$384.98
09/04/2019,$389.08,792243,$387.31,$389.7,$385.9
09/03/2019,$384.69,891668,$380.99,$385.18,$379.79
08/30/2019,$384.11,760901,$383.25,$384.74,$381.51
08/29/2019,$384.43,1063524,$384.53,$385.78,$380.8001
08/28/2019,$380.97,820584,$379.04,$383,$376.774
08/27/2019,$379.99,760325,$381.75,$382.21,$377.25
08/26/2019,$380.32,688219,$380,$380.56,$375.5
08/23/2019,$376.89,1393141,$385.28,$386.93,$374.6146
08/22/2019,$385.88,742580,$383,$386.65,$380.72
08/21/2019,$383,791496,$384,$384.275,$379.29
08/20/2019,$381.75,920614,$380.5,$384.1,$379.5
08/19/2019,$380.47,799914,$379.75,$381.6818,$378.5203
08/16/2019,$377,821356,$376.1,$378.34,$373.37
08/15/2019,$373.46,1066914,$369.15,$374.57,$367.165
08/14/2019,$368.94,1469057,$376,$376,$367.36
08/13/2019,$377.22,1060897,$377.99,$381.51,$375.275
08/12/2019,$377,706121,$375,$378.05,$373.6
08/09/2019,$377.01,871962,$376.1,$379.36,$373.33
08/08/2019,$377.17,1185864,$370.01,$378.4,$370.01
08/07/2019,$369.3,1242993,$364.02,$370.93,$362.02
08/06/2019,$366.78,1124866,$361.28,$366.8923,$358.835
08/05/2019,$358.43,1464608,$356.55,$361.1,$353.9655
08/02/2019,$361.91,836256,$364.13,$364.31,$359.4899
08/01/2019,$363.09,1220648,$361.72,$367.34,$359.19
07/31/2019,$362.17,1037053,$365.91,$368.71,$359.29
07/30/2019,$365.99,701602,$368.63,$370.67,$365.325
07/29/2019,$369.62,659196,$369.41,$370.11,$367.95
07/26/2019,$369.46,791383,$369.61,$370.7063,$367.78
07/25/2019,$370.32,1143372,$368.76,$372.7112,$367.15
07/24/2019,$368.9,1900584,$358.2,$368.99,$357.995
07/23/2019,$357.8,2344066,$363,$363,$350.81
07/22/2019,$357.63,1145622,$357.44,$358.4699,$355.56
07/19/2019,$356.96,1463296,$357.64,$359.1,$355.85
07/18/2019,$356.21,1704944,$358.29,$358.38,$352.79
07/17/2019,$358.47,1866997,$365.35,$365.47,$357.85
07/16/2019,$365.35,1027121,$368,$368.42,$365.16
07/15/2019,$367.69,1010704,$369.84,$370.01,$366.9
07/12/2019,$369.45,1148702,$369.2,$369.51,$366.83
07/11/2019,$368.23,1358023,$368.16,$369.38,$366.21
07/10/2019,$368.16,818745,$370,$373.37,$367.84
07/09/2019,$369.73,650988,$367.75,$370.25,$366.0955
07/08/2019,$369.18,646804,$368.54,$369.92,$366.775
07/05/2019,$369.92,716882,$369.88,$370.83,$366.6736
07/03/2019,$370.38,742109,$367.94,$370.47,$365.35
07/02/2019,$367.57,1053033,$361.58,$367.57,$361.0666
07/01/2019,$361.47,1004359,$365.41,$366.77,$361.05
06/28/2019,$363.54,1369653,$359.48,$363.75,$357.67
06/27/2019,$359.09,826517,$359.93,$360.52,$357.255
06/26/2019,$359.5,977659,$361.64,$362,$357
06/25/2019,$360.56,1169114,$360,$362.795,$359.74
06/24/2019,$359.98,1766730,$360.44,$362.88,$359.74
06/21/2019,$359.36,1544872,$362.23,$362.74,$357.57
06/20/2019,$362.8,1049080,$357.77,$363.33,$357.71
06/19/2019,$355.73,816682,$353.76,$356.545,$353.19
06/18/2019,$353.52,826400,$349.49,$354.28,$348.39
06/17/2019,$348.69,904169,$351.22,$352.41,$346.76
06/14/2019,$350.14,1059494,$349.08,$352.46,$348.44
06/13/2019,$349.08,1203880,$347.58,$349.705,$344.4
06/12/2019,$345.51,1132227,$344.23,$346.14,$342.32
06/11/2019,$344.04,1684428,$352.01,$352.55,$340.87
06/10/2019,$351.6,1356231,$357.97,$358.63,$350.73
06/07/2019,$355.23,1125847,$353.45,$356.15,$352.4
06/06/2019,$352.52,1149785,$353.37,$354.34,$350.15
06/05/2019,$352.7,1750507,$349.99,$352.86,$348.51
06/04/2019,$349.35,1573475,$345.88,$349.68,$345.88
06/03/2019,$344.57,1345296,$338.08,$344.78,$337.901
05/31/2019,$338.54,1024169,$337.59,$341.14,$337.485
05/30/2019,$341.96,859051,$340,$343.48,$339.75
05/29/2019,$339.34,1184632,$336.78,$340.36,$335.2805
05/28/2019,$337.89,3559638,$338.96,$341.28,$337.1
05/24/2019,$338.78,1293099,$340.67,$341.62,$337.265
05/23/2019,$340.07,1461463,$339.72,$341.44,$336.08
05/22/2019,$341.3,1049320,$343.29,$343.29,$339.88
05/21/2019,$343.95,1097997,$343.6,$344.8,$339.5
05/20/2019,$342.01,1388296,$337.24,$344.29,$337.24
05/17/2019,$337.99,1268411,$336.46,$340.95,$336.46
05/16/2019,$339.39,1092362,$335.92,$339.65,$334.85
05/15/2019,$334.15,1126981,$335.29,$335.71,$329.93
05/14/2019,$336.17,1171595,$336.01,$340.915,$334.75
05/13/2019,$335.37,1503998,$335.25,$339.745,$333.2
05/10/2019,$341.35,1205014,$337.41,$341.62,$335.27
05/09/2019,$339.36,1496527,$334,$340.33,$331.94
05/08/2019,$334.18,1083968,$330.9,$336.88,$330.35
05/07/2019,$330.9,1176417,$334.74,$334.74,$328.8449
05/06/2019,$335.72,812813,$330.5,$336.53,$330.1669
05/03/2019,$334.07,806766,$333.58,$335.64,$331.2
05/02/2019,$332.55,962542,$332.01,$332.7,$328.24
05/01/2019,$331.85,1104397,$334.25,$337.21,$331.58
04/30/2019,$333.33,989978,$329.52,$333.86,$328.4622
04/29/2019,$328.59,969009,$328.4,$331.15,$327.21
04/26/2019,$328.33,873148,$329.6,$330.75,$327.08
04/25/2019,$328.87,1506375,$330.25,$334.23,$328.46
04/24/2019,$330.12,2089310,$333.9,$335.78,$327.84
04/23/2019,$333.1,3424124,$326.52,$337.315,$324.52
04/22/2019,$315.26,1317523,$314.25,$316.26,$313.27
04/18/2019,$314.26,1107108,$311.03,$314.57,$309.47
04/17/2019,$310.5,1041422,$311.22,$312.43,$309.78
04/16/2019,$310.06,833913,$309.22,$310.6292,$308.1
04/15/2019,$308.71,864757,$309.96,$310,$307.54
04/12/2019,$309.7,891849,$307,$309.78,$306.0301
04/11/2019,$305.59,829126,$300.23,$305.83,$300
04/10/2019,$299.12,1222319,$302.23,$302.35,$297.33
04/09/2019,$302.68,864956,$304.36,$304.575,$301.19
04/08/2019,$305.66,1121380,$301.99,$305.86,$300.67
04/05/2019,$302.58,705214,$299.91,$302.66,$299.71
04/04/2019,$299.67,755582,$298.16,$302.05,$297.89
04/03/2019,$297.27,1176885,$303.61,$304.4,$296.14
04/02/2019,$303.1,870585,$304.87,$306.78,$302.87
04/01/2019,$304.29,1128393,$302.56,$306.11,$301.84
03/29/2019,$300.16,1211942,$297.5,$300.59,$296.74
03/28/2019,$295.6,565422,$295.03,$295.94,$293.65
03/27/2019,$293.95,834258,$295.62,$297.8939,$292.85
03/26/2019,$294.92,882292,$296.09,$297.6,$292.69
03/25/2019,$294.12,779652,$294.41,$295.8195,$292.53
03/22/2019,$294.01,940643,$297.65,$298.4034,$293.88
03/21/2019,$299.01,1143016,$295.37,$300.068,$295
03/20/2019,$295.98,1321706,$296.91,$298.71,$295.0635
03/19/2019,$296.6,1497933,$299.48,$302.14,$295.44
03/18/2019,$297.64,1793639,$295.87,$298.36,$293.27
03/15/2019,$296.15,4516483,$298.86,$299.23,$293.77
03/14/2019,$298.51,1178346,$303.42,$304.46,$298.32
03/13/2019,$303.45,1132817,$303.06,$304.56,$301.12
03/12/2019,$301.92,1248354,$304.6,$305.305,$300.79
03/11/2019,$304.4,1293922,$299.62,$304.58,$298.63
03/08/2019,$300.95,1053985,$300.57,$301.69,$298.77
03/07/2019,$303.01,1255426,$302.9,$303.2,$297.42
03/06/2019,$303.32,878714,$306.48,$308.3458,$303.32
03/05/2019,$305.76,878056,$306.01,$307.22,$304.2201
03/04/2019,$304.69,1063165,$311.78,$311.78,$303.48
03/01/2019,$309.47,1421750,$311.56,$311.56,$306.4439
02/28/2019,$309.41,1837089,$307.44,$311.75,$306.12
02/27/2019,$307.58,1120846,$305.02,$307.94,$304.11
02/26/2019,$305.88,869760,$305.6,$308.08,$305.01
02/25/2019,$305.97,1087676,$308.89,$309.4027,$305.55
02/22/2019,$307.13,581798,$305.91,$307.36,$303.9
02/21/2019,$304.51,1042922,$307.06,$307.17,$303.28
02/20/2019,$307.2,869731,$305,$307.2,$304.29
02/19/2019,$305.18,929461,$305.97,$306.59,$303.76
02/15/2019,$307.23,844416,$304.01,$307.33,$304.01
02/14/2019,$301,888227,$303.36,$304,$300.91
02/13/2019,$304.42,957686,$305,$305.95,$303.68
02/12/2019,$304.11,840609,$301.47,$304.32,$300.8576
02/11/2019,$300.04,1076116,$301.78,$302.75,$298.8
02/08/2019,$301.5,1021359,$299.22,$301.63,$296.995
02/07/2019,$300.13,1145547,$298.79,$300.36,$296.14
02/06/2019,$299.83,1114254,$299.99,$302.68,$299.01
02/05/2019,$299.46,1454763,$300,$302.98,$297.23
02/04/2019,$298.77,1325906,$290.9,$299.06,$290.11
02/01/2019,$290.58,1357956,$290.85,$292.58,$289.195
01/31/2019,$289.69,1311052,$290.17,$292.83,$287.785
01/30/2019,$291.67,1778510,$293.95,$293.99,$286.77
01/29/2019,$292.05,2037108,$281.11,$292.8619,$281
01/28/2019,$287.87,1165731,$285,$288.41,$282.885
01/25/2019,$287.04,1050417,$288.17,$289.3,$286.13
01/24/2019,$285.25,1017531,$284.59,$288.24,$282.59
01/23/2019,$283.51,1630885,$282.11,$285.73,$280.5
01/22/2019,$279.59,1885039,$281.39,$284.62,$278
01/18/2019,$282.87,2073468,$281.18,$285.37,$279.72
01/17/2019,$278.8,1241952,$271.17,$279.99,$270.84
01/16/2019,$272.39,1321686,$275.4,$275.69,$270.63
01/15/2019,$276,1193442,$278.23,$278.335,$273.51
01/14/2019,$277.51,1330680,$276.67,$279.52,$274.43
01/11/2019,$277.73,1157745,$275.79,$277.76,$272.43
01/10/2019,$277.5,1830750,$269.62,$277.68,$269.5
01/09/2019,$270.54,1235821,$270.13,$272.2167,$269.13
01/08/2019,$269.87,1791371,$271.13,$271.75,$267.81
01/07/2019,$268.08,1449473,$266,$270,$263.8625
01/04/2019,$265.04,1438700,$261.92,$265.49,$260.34
01/03/2019,$258.08,1152431,$262.32,$264,$257.38
01/02/2019,$264.73,1064502,$258.36,$265.3,$256.79
12/31/2018,$261.84,1184934,$262.15,$265.1084,$259.85
12/28/2018,$261.26,1983707,$263.01,$264.8298,$260.14
12/27/2018,$259.79,2188148,$249.25,$259.79,$248.2
12/26/2018,$251.62,1795371,$246.31,$251.89,$241.1796
12/24/2018,$245.22,1515428,$253.03,$254.63,$245.01
12/21/2018,$256.55,3738641,$260.78,$262.64,$255.3
12/20/2018,$265.29,2314143,$271.99,$273.82,$261.41
12/19/2018,$273.96,1715889,$279.75,$283.81,$271.52
12/18/2018,$279.47,1706519,$281.55,$283.84,$278.045
12/17/2018,$279.23,1645223,$286.2,$286.79,$277.84
12/14/2018,$287.7,1881525,$290,$291.24,$286.62
12/13/2018,$292.23,1118741,$293.27,$295.27,$291
12/12/2018,$292.5,1121484,$295.99,$296.8,$292.01
12/11/2018,$292.15,1764498,$302.68,$303.25,$290.33
12/10/2018,$298.4,2416123,$289.93,$298.93,$289.19
12/07/2018,$285.4,1406624,$285.4,$290.3459,$285.21
12/06/2018,$286.35,2785766,$282.9,$286.8908,$277.2
12/04/2018,$286.73,2198685,$295.72,$295.72,$286.03
12/03/2018,$296.79,1763714,$304.94,$305.325,$295.9
11/30/2018,$300.43,3666151,$300.75,$303.533,$297.88
11/29/2018,$302.42,2770436,$301,$304.9793,$300.28
11/28/2018,$299.94,1281224,$297.85,$300.5278,$293.94
11/27/2018,$295.29,1477286,$293.9,$295.66,$289.6047
11/26/2018,$295.28,1375239,$297.04,$298.85,$292.9184
11/23/2018,$295.38,434298,$293.06,$297.94,$291.93
11/21/2018,$294.29,1355621,$295,$297.85,$294.23
11/20/2018,$293.86,1281074,$291.36,$295.2499,$288.5578
11/19/2018,$294.59,1555713,$301.09,$301.09,$293.2204
11/16/2018,$301.24,1319486,$303.84,$305.25,$299.865
11/15/2018,$305.48,1233102,$302.17,$308,$299.74
11/14/2018,$303.39,1192787,$308.27,$309.68,$303.01
11/13/2018,$305.74,1120968,$304.81,$308.855,$302.23
11/12/2018,$305.12,1114417,$313.2,$314.23,$304.6
11/09/2018,$313.12,1294279,$307.19,$314.16,$307.14
11/08/2018,$308.56,878961,$310,$311.02,$306.36
11/07/2018,$309.82,982817,$308.06,$309.96,$304.16
11/06/2018,$306.56,1105652,$304.05,$308.759,$304.05
11/05/2018,$303.21,1650508,$302,$304.3,$300.59
11/02/2018,$299.28,1587425,$301.04,$302.7532,$297.75
11/01/2018,$299.42,1526841,$295.73,$301.44,$295.01
10/31/2018,$293.85,1979900,$294.36,$299.1,$293.53
10/30/2018,$291.07,2869824,$285.61,$292.5,$283.7232
10/29/2018,$286.67,3249182,$309.5,$309.5,$283.21
10/26/2018,$305.05,1909599,$303.4,$308.97,$301.66
10/25/2018,$306.41,2351739,$313.21,$316.55,$305.45
10/24/2018,$311.13,2377532,$328.11,$328.11,$310.42
10/23/2018,$321.35,2995008,$325.23,$334.77,$315.589
10/22/2018,$326.78,1393756,$331.62,$331.62,$324.47
10/19/2018,$328.14,1097498,$327.2,$330.04,$326.06
10/18/2018,$328,1322451,$331.35,$333.32,$325.04
10/17/2018,$333.4,1181603,$335.72,$337.19,$333.32
10/16/2018,$337.13,860235,$332.47,$337.4,$331.14
10/15/2018,$331.24,1003635,$327.93,$333.98,$327.93
10/12/2018,$327.62,1291985,$330.59,$331.47,$322.6
10/11/2018,$326.26,1931635,$334.73,$338,$325.01
10/10/2018,$336.75,1786019,$346.85,$347.25,$336.75
10/09/2018,$347.31,966827,$348.62,$349.46,$346.16
10/08/2018,$349.93,825069,$346.89,$350.485,$346.27
10/05/2018,$347.21,889042,$348.3,$350.9,$345.65
10/04/2018,$349.46,1200882,$346.82,$349.66,$345.59
10/03/2018,$347.44,1237431,$350,$351.3519,$347.22
10/02/2018,$349.07,959833,$348.62,$349.88,$346.37
10/01/2018,$347.93,790244,$347.09,$348.327,$344.87
09/28/2018,$345.96,1827529,$345.72,$348,$344.71
09/27/2018,$346.05,1169997,$344.16,$346.79,$342.41
09/26/2018,$342.88,1159931,$343,$344.86,$342.3888
09/25/2018,$343.54,1360504,$338.48,$345.33,$337.45
09/24/2018,$337.58,1176745,$336.81,$339.32,$334.3
09/21/2018,$337.66,1849068,$334.07,$337.91,$334.07
09/20/2018,$333.13,1973479,$339.86,$340.3,$329.01
09/19/2018,$339.3,1768431,$343.22,$345.77,$336.51
09/18/2018,$343.22,1142258,$340,$344.845,$339.4801
09/17/2018,$339.34,1117296,$336.5,$339.68,$336
09/14/2018,$335.8,1303276,$331.31,$336.5,$329.5
09/13/2018,$331.28,1290358,$326.72,$331.86,$326.59
09/12/2018,$325.28,1324659,$321.38,$325.84,$321.38
09/11/2018,$322.23,798190,$322.04,$323.85,$320.3
09/10/2018,$322.95,1423980,$328.72,$329.18,$322.66
09/07/2018,$328.53,1291968,$328.03,$330.88,$326.89
09/06/2018,$328.91,1326540,$321.56,$329.54,$321.3
09/05/2018,$321.33,892718,$320.89,$321.67,$319.51
09/04/2018,$321.91,947319,$320,$322.25,$317.596
08/31/2018,$320.41,1055485,$318.56,$320.89,$317.005
08/30/2018,$321.85,1408033,$324,$326.49,$320.93
08/29/2018,$324.32,965941,$324.46,$324.92,$322.2
08/28/2018,$324.34,819972,$324.66,$325,$322.3
08/27/2018,$324.34,737053,$322.07,$325,$322
08/24/2018,$321.29,773168,$320,$321.39,$318.72
08/23/2018,$320.01,717669,$322.08,$322.15,$318.87
08/22/2018,$321.92,690515,$324.05,$324.5229,$321.8
08/21/2018,$324.39,1164410,$324.4,$325.41,$323.13
08/20/2018,$324.22,876515,$325.26,$325.97,$323.81
08/17/2018,$325.23,1389616,$325.86,$327.418,$324.72
08/16/2018,$325.86,1195214,$320,$326.62,$319.81
08/15/2018,$317.7,1321366,$318.37,$318.91,$314.44
08/14/2018,$318.59,974471,$314.89,$320.215,$314.63
08/13/2018,$313.64,790265,$312.51,$315.26,$312
08/10/2018,$313.12,1081660,$314.9,$314.9,$311.39
08/09/2018,$315.71,1045254,$314.79,$316.5003,$312.67
08/08/2018,$315.31,922641,$317.5,$317.78,$314.21
08/07/2018,$317.41,1088520,$317.24,$318.24,$313.58
08/06/2018,$316.92,1736650,$318.61,$318.61,$313.68
08/03/2018,$320.55,945411,$322.62,$322.62,$319.11
08/02/2018,$322.02,820321,$322.53,$323.15,$320.24
08/01/2018,$324.93,1392222,$325.59,$326.07,$322.57
07/31/2018,$326.1,986334,$321.38,$326.43,$321.38
07/30/2018,$320.11,1269820,$324.1,$325.99,$319.62
07/27/2018,$324.09,1009890,$324.4,$325.14,$321.79
07/26/2018,$322.94,2011767,$324.83,$325.87,$321.17
07/25/2018,$324.36,2104036,$323.05,$324.97,$316.67
07/24/2018,$322.57,3253158,$325,$329.65,$313
07/23/2018,$318.33,1578061,$322.55,$323.5,$316.79
07/20/2018,$322.55,1563942,$318.35,$322.85,$317.44
07/19/2018,$319.6,759915,$319.3,$320.86,$318.18
07/18/2018,$319.77,860262,$317.71,$320.58,$316.5
07/17/2018,$317.5,867589,$319.89,$320.98,$316.12
07/16/2018,$319.05,1303339,$319.38,$323.38,$317.58
07/13/2018,$318.37,1662458,$313.68,$319.5,$313.52
07/12/2018,$313.31,1283165,$309.4,$314.47,$308.8
07/11/2018,$306.58,895659,$307.83,$309.38,$305.93
07/10/2018,$308.83,1522773,$308.11,$310.91,$307.21
07/09/2018,$306.48,1244361,$301,$307.47,$300.3596
07/06/2018,$299.19,1103446,$298.41,$301.51,$296.215
07/05/2018,$299.19,986256,$300.28,$303.16,$297.19
07/03/2018,$299.46,650973,$300,$302.59,$298.6157
07/02/2018,$299.12,968492,$294.17,$299.3,$292.315
06/29/2018,$295.43,1266696,$297.48,$299.98,$295.26
06/28/2018,$295.24,1423592,$295,$296.71,$291.52
06/27/2018,$294.78,1521403,$299.39,$302.12,$294.54
06/26/2018,$299.08,1670813,$298.81,$300.43,$297.08
06/25/2018,$298.77,1944787,$297.35,$303.33,$296.07
06/22/2018,$299.38,1403493,$301.38,$301.81,$298.69
06/21/2018,$300.38,1517054,$302.65,$302.86,$298.1
06/20/2018,$302.86,1620638,$302.37,$304.97,$301.23
06/19/2018,$302.52,1821320,$306.72,$307.63,$301.65
06/18/2018,$309.52,1261042,$307.38,$310,$306
06/15/2018,$310.14,1768028,$309.62,$310.97,$306.34
06/14/2018,$310.59,1395628,$314.54,$315.795,$310.01
06/13/2018,$314.35,1990094,$314.67,$317.8,$312.67
06/12/2018,$315.16,1742572,$319.63,$320.03,$311.25
06/11/2018,$319.3,910862,$322.12,$322.62,$319.16
06/08/2018,$322.31,1153893,$321.73,$322.6,$318.1
06/07/2018,$321.95,1087279,$320.5,$322.15,$318.935
06/06/2018,$319.91,1083311,$320.77,$321.88,$318.51
06/05/2018,$320.02,872962,$318.11,$321.24,$317.4938
06/04/2018,$318.17,667302,$317.11,$319.25,$316.22
06/01/2018,$316.63,886682,$316.92,$317.8,$315.47
05/31/2018,$314.54,1452143,$319.24,$320.28,$314.47
05/30/2018,$321.04,899150,$319.03,$321.81,$317.16
05/29/2018,$317.2,1159716,$319.67,$320.69,$315.36
05/25/2018,$320.8,1020242,$326,$327.22,$319.86
05/24/2018,$326.35,1210693,$324.66,$329.13,$323.336
05/23/2018,$325.32,1601927,$315.83,$325.53,$314.13
05/22/2018,$317.13,1501793,$323.26,$323.6,$317.0401
05/21/2018,$324.28,1001476,$322.5,$324.53,$321.16
05/18/2018,$320.45,1012153,$320.76,$322,$319.8
05/17/2018,$320.42,961614,$319,$321.5,$317.405
05/16/2018,$319.33,882643,$320.1,$321.71,$318.84
05/15/2018,$319.77,1130946,$317.75,$320.35,$317
05/14/2018,$319.08,1399660,$323.25,$323.98,$317.44
05/11/2018,$324.04,844912,$324.69,$325.86,$322.76
05/10/2018,$324.49,1261334,$328.48,$329.019,$322.9508
05/09/2018,$326.12,1699928,$325.62,$328.55,$324.7
05/08/2018,$324.19,2948731,$317.71,$325.39,$317.3
05/07/2018,$317.71,1816862,$312.23,$317.92,$312.09
05/04/2018,$311.44,1675253,$308.11,$312.7,$307.255
05/03/2018,$309.93,2889786,$303.95,$310.5,$300.5
05/02/2018,$305.7,2643266,$307.28,$313.4,$305.2
05/01/2018,$308.46,3879004,$320.49,$321.2358,$302.09
04/30/2018,$320.84,1449384,$322.35,$325.46,$320.2
04/27/2018,$322.03,1577960,$329.95,$330.23,$321.7
04/26/2018,$330.4,1847336,$330,$334.86,$324.13
04/25/2018,$329.5,3023772,$336.68,$337.15,$320.56
04/24/2018,$336.49,3776974,$360.02,$361.99,$330.64
04/23/2018,$358.6,1983631,$352.79,$358.62,$352.45
04/20/2018,$351.99,1184956,$354.53,$355,$351.13
04/19/2018,$353.38,780411,$351.6,$354.21,$350.18
04/18/2018,$351.15,842269,$351.3,$352.25,$349.34
04/17/2018,$349.14,1060500,$347.79,$350.12,$346.13
04/16/2018,$345.7,1141306,$344.87,$347.74,$344.55
04/13/2018,$342.6,762399,$344.08,$345.06,$340.69
04/12/2018,$342.88,1090726,$340.62,$344.5,$340.52
04/11/2018,$339.44,1480840,$338.51,$346.25,$337.98
04/10/2018,$339.36,996426,$340.63,$341.05,$337.1
04/09/2018,$335.91,981254,$337.48,$340.835,$335.46
04/06/2018,$334.66,1417192,$343.59,$344.6847,$332.835
04/05/2018,$346.65,1588765,$344.23,$346.93,$340.01
04/04/2018,$341.79,1448770,$328.88,$341.97,$327.5
04/03/2018,$334.71,1296846,$334.97,$337.03,$330.68
04/02/2018,$333,1296912,$337.06,$337.9,$328.75
03/29/2018,$337.93,1039299,$336.04,$341,$335.39
03/28/2018,$335.33,1422002,$340,$340.66,$333.22
03/27/2018,$338.85,1294416,$345.3,$345.94,$336.6
03/26/2018,$343.93,1477985,$342.4,$344.6,$339.27
03/23/2018,$336.31,2897927,$327,$344.1401,$326.7658
03/22/2018,$327.15,1529359,$333.18,$335.47,$325.7868
03/21/2018,$335.47,1270474,$336.26,$338.73,$332.49
03/20/2018,$335.6,1153813,$335.73,$339.5,$335.22
03/19/2018,$335.25,1499551,$330.3,$336.23,$330.25
03/16/2018,$331.4,4717986,$333.38,$334.35,$329.23
03/15/2018,$333.23,1874898,$331.94,$334.43,$328.78
03/14/2018,$331.68,1711923,$335.71,$336.375,$327.58
03/13/2018,$333.46,1620569,$334.78,$335.91,$332.0801
03/12/2018,$333.1,2278172,$341,$341.3546,$333.04
03/09/2018,$340.49,1568316,$341.78,$342.559,$338.08
03/08/2018,$341.78,1036635,$343.12,$343.7,$339.34
03/07/2018,$342.2,1350908,$336.23,$343.19,$334.1
03/06/2018,$339.5,1302044,$342.9,$343.99,$337.95
03/05/2018,$342.36,1803874,$339.83,$342.7828,$337.62
03/02/2018,$341.72,1666585,$337.5,$342.85,$335.05
03/01/2018,$339.69,2306758,$352.46,$353.58,$337.58
02/28/2018,$352.44,988071,$357.36,$359.195,$352.42
02/27/2018,$358.17,1379181,$359.35,$362.32,$358.09
02/26/2018,$358.7,1156138,$360,$361.32,$357.08
02/23/2018,$358.69,902449,$356.25,$358.69,$353.84
02/22/2018,$355.41,1432423,$358.44,$358.97,$354.51
02/21/2018,$357.06,1390878,$359,$362.98,$357
02/20/2018,$358.69,1102623,$359.15,$362.67,$357.23
02/16/2018,$360.53,1082634,$361,$363,$357.84
02/15/2018,$361,1165638,$357.4,$361.02,$354.74
02/14/2018,$354.66,1651444,$348.81,$355.39,$348.2
02/13/2018,$350.23,1278193,$345.2,$351.0625,$344.51
02/12/2018,$345.81,1828940,$344.54,$348.4705,$340.1
02/09/2018,$341.42,2363662,$338.1,$344.88,$332.25
02/08/2018,$334.3,2612384,$350.21,$350.99,$334.01
02/07/2018,$345.43,2044371,$338.29,$350.34,$337.82
02/06/2018,$337.59,2595121,$328.71,$340.01,$327.23
02/05/2018,$336.46,2918677,$348.63,$353.99,$326.11
02/02/2018,$352.66,1956657,$355,$358,$351.52
02/01/2018,$357.38,1579182,$354.26,$361.79,$354.01
01/31/2018,$354.85,1885945,$353.28,$358.52,$352.45
01/30/2018,$350.39,2032296,$346.52,$352.72,$345.05
01/29/2018,$351.42,2880569,$350,$354.32,$342.15
01/26/2018,$344.9,2053899,$336.87,$345.11,$334.74
01/25/2018,$334.72,1773340,$331.04,$335.185,$330.21
01/24/2018,$330.49,1236399,$328.87,$332.48,$327.42
01/23/2018,$328.7,1033444,$329.99,$331.15,$328.51
01/22/2018,$329,1459638,$331.77,$332.7,$328.97
01/19/2018,$332,1478147,$334.24,$334.89,$331.78
01/18/2018,$333,973474,$334.11,$335.92,$332.99
01/17/2018,$334.86,1000322,$331.46,$335.74,$330.32
01/16/2018,$330.11,1371316,$336.35,$336.6699,$330
01/12/2018,$336.25,1428012,$331.35,$336.35,$331.03
01/11/2018,$331.13,1151241,$331.85,$332.08,$330.16
01/10/2018,$331.05,1504553,$331.07,$333.74,$330.005
01/09/2018,$330.51,865671,$329,$331.83,$328.415
01/08/2018,$328.16,1084471,$328.96,$330.41,$327.81
01/05/2018,$329.68,1241109,$325.99,$330.18,$325.98
01/04/2018,$326.72,1441407,$321.19,$326.9,$320.99
01/03/2018,$321.21,893473,$318.98,$321.52,$318.63
01/02/2018,$318.54,1188483,$322,$322.62,$317.5
12/29/2017,$321.05,731126,$322.22,$323.15,$321.02
12/28/2017,$322.1,721714,$319.83,$322.3,$319.71
12/27/2017,$319.44,574579,$319.67,$319.67,$318.0701
12/26/2017,$318.51,517368,$318.36,$319.77,$317.97
12/22/2017,$318.03,542839,$318.3,$319.24,$317.6
12/21/2017,$317.19,868458,$319,$319.2,$317.01
12/20/2017,$317.72,932282,$319.84,$321.255,$317.65
12/19/2017,$319.97,930800,$322.76,$323.13,$319.78
12/18/2017,$322.76,1254384,$323.59,$323.94,$319
12/15/2017,$322.82,1929259,$318.69,$323.38,$318.43
12/14/2017,$317.01,867618,$318.21,$319.03,$316.42
12/13/2017,$317.79,856537,$316.66,$319.835,$316.3
12/12/2017,$315.89,1082368,$316.38,$316.9,$314.91
12/11/2017,$316.17,765759,$315.45,$317.235,$315.15
12/08/2017,$315.85,853726,$316.56,$316.56,$313.45
12/07/2017,$314.42,972340,$311.83,$315.36,$311.81
12/06/2017,$311.97,824637,$310.25,$313.07,$310.25
12/05/2017,$310.14,1170560,$314.5,$314.5,$310.07
12/04/2017,$311.78,1365560,$315.94,$316.52,$311.61
12/01/2017,$313.57,1707274,$319.06,$319.63,$311.1301
11/30/2017,$319.12,2625543,$319.62,$320.94,$318.475
11/29/2017,$320.76,1190557,$319.5,$321.21,$318.33
11/28/2017,$319.01,966894,$316.78,$319.43,$316.17
11/27/2017,$316.7,657817,$316,$316.89,$315.045
11/24/2017,$315.82,320919,$315.09,$316.23,$315.02
11/22/2017,$314.87,685727,$316.31,$316.86,$314.3472
11/21/2017,$316.94,858007,$315.24,$317.62,$314.61
11/20/2017,$314.65,902073,$310.2,$315.57,$310.0101
11/17/2017,$309.7,692208,$311.59,$312.43,$309.5
11/16/2017,$312.65,635588,$311.09,$312.8028,$311
11/15/2017,$310.64,753841,$313.1,$313.78,$310.54
11/14/2017,$313.74,605687,$312,$314,$310.7
11/13/2017,$312.95,702811,$311,$313.28,$310.31
11/10/2017,$311.17,630850,$310.3,$311.68,$309.76
11/09/2017,$311.08,889458,$314.85,$315.06,$310.28
11/08/2017,$315.64,729698,$313.44,$315.7,$313.3
11/07/2017,$313.29,874379,$310.08,$313.37,$310.08
11/06/2017,$310.08,717284,$309.72,$311.93,$308.68
11/03/2017,$309.99,652239,$310.92,$311.8522,$309.035
11/02/2017,$310.86,868900,$306.11,$310.86,$306.11
11/01/2017,$306.6,1014991,$309.05,$309.66,$306.23
10/31/2017,$308.16,693791,$309.16,$309.835,$308.14
10/30/2017,$308.63,1157359,$308.5,$310.42,$307.82
10/27/2017,$308,998650,$307.95,$310.375,$307.75
10/26/2017,$307.89,1598318,$313.44,$314.42,$303.31
10/25/2017,$312.43,1658712,$312.86,$315.955,$311.31
10/24/2017,$313.15,2560990,$314.69,$317,$310.61
10/23/2017,$320.73,1228598,$321.06,$321.56,$319.87
10/20/2017,$320,933019,$317.93,$320,$316.6
10/19/2017,$316.84,727769,$315.57,$317.07,$313.02
10/18/2017,$315.57,1131109,$318.33,$318.815,$314.7
10/17/2017,$318.27,617658,$318.7,$318.925,$317.02
10/16/2017,$318.94,588223,$319.74,$320.67,$317.74
10/13/2017,$319.39,1095677,$321.62,$322.19,$319.14
10/12/2017,$321.15,879756,$318.35,$321.56,$318.28
10/11/2017,$318.59,706111,$317.65,$318.8,$317.05
10/10/2017,$317.71,941547,$318.32,$318.32,$316.22
10/09/2017,$317.3,880340,$316.62,$318.34,$315.5
10/06/2017,$316.46,857807,$315,$316.46,$314.28
10/05/2017,$314.58,950396,$312.82,$315.285,$312.64
10/04/2017,$313.02,903735,$313.28,$314.1,$312.46
10/03/2017,$312.86,803293,$311.38,$314.02,$311.3
10/02/2017,$311.33,1007651,$310.79,$311.38,$309.27
09/29/2017,$310.29,908631,$308.95,$310.36,$308.69
09/28/2017,$309.13,824179,$309.01,$310.37,$306.58
09/27/2017,$310.13,967851,$309.7,$311.32,$309.01
09/26/2017,$309.58,1025804,$308.55,$310.69,$308.21
09/25/2017,$306.85,1072032,$308.48,$308.974,$304.71
09/22/2017,$308.54,1018453,$308.65,$311.36,$308.26
09/21/2017,$308.01,860309,$308.1,$308.91,$307.3866
09/20/2017,$307.9,1264999,$305.36,$307.96,$305.24
09/19/2017,$305.65,1365091,$304.29,$307.26,$303.66
09/18/2017,$303.8,1005479,$302.86,$304.33,$302.4
09/15/2017,$302.3,2025922,$302.34,$303.35,$301.03
09/14/2017,$301.34,1506270,$300.2,$301.39,$298.4
09/13/2017,$300.2,1142266,$303.06,$303.06,$300.11
09/12/2017,$303.73,641196,$304.45,$304.76,$302.91
09/11/2017,$304.48,916104,$303.7,$304.5925,$302.21
09/08/2017,$302.9,1161639,$301.52,$303.66,$301.52
09/07/2017,$302.35,923332,$301.45,$302.77,$300.24
09/06/2017,$301.45,1217354,$303.41,$303.94,$301.31
09/05/2017,$302.2,1387900,$304.45,$304.53,$301.91
09/01/2017,$302.19,1188050,$305.96,$306.34,$302.19
08/31/2017,$305.39,982248,$306.86,$306.86,$304.97
08/30/2017,$306.3,1272145,$306.42,$307.22,$305.5
08/29/2017,$308.14,1277351,$304.5,$308.18,$304.5
08/28/2017,$303.61,821067,$303.73,$303.85,$302.51
08/25/2017,$302.8,569421,$303.92,$304.68,$302.71
08/24/2017,$302.6,574442,$303.51,$304.05,$301.25
08/23/2017,$302.84,696672,$304,$304.56,$302.53
08/22/2017,$304.8,958597,$303.51,$305.48,$302.97
08/21/2017,$301.88,955337,$300,$302.23,$297.77
08/18/2017,$299.2,1204680,$300.87,$301.26,$298.821
08/17/2017,$301.42,1047043,$305.26,$305.65,$301.27
08/16/2017,$305.8,1033045,$305.88,$306.8072,$305.35
08/15/2017,$306.2,1019240,$307.97,$308.48,$305.52
08/14/2017,$307.58,1202834,$305.45,$308.06,$304.26
08/11/2017,$303.75,987047,$302.84,$306.45,$302.58
08/10/2017,$303.25,1310364,$306.55,$307.1,$303
08/09/2017,$305.22,1749122,$301.2,$305.54,$301.0001
08/08/2017,$300.1,1008527,$297.79,$300.42,$297.335
08/07/2017,$297.15,768637,$297.31,$297.73,$296.6
08/04/2017,$297,786126,$296.27,$297,$295.04
08/03/2017,$295.82,983539,$294,$295.91,$292.8001
08/02/2017,$294.7,983727,$292.73,$294.84,$292.15
08/01/2017,$292.65,1037249,$293.93,$294.33,$291.895
07/31/2017,$292.13,1143739,$291.42,$293.84,$291.03
07/28/2017,$290.41,1086205,$288.07,$290.7699,$286.58
07/27/2017,$288.13,1090864,$290.2,$290.49,$286.17
07/26/2017,$289.85,882409,$290.82,$290.99,$288.77
07/25/2017,$289.83,804937,$291.48,$292.07,$289.72
07/24/2017,$290.28,768388,$289.47,$291.24,$289.2
07/21/2017,$289.12,1230071,$288.3,$290.07,$286.86
07/20/2017,$289.67,1147860,$290.58,$290.74,$288.941
07/19/2017,$290.67,1139807,$287.68,$291.28,$287.04
07/18/2017,$286.79,1806993,$290.64,$292.97,$286.03
07/17/2017,$288.49,1312780,$288.5,$290.06,$287.61
07/14/2017,$288.13,881860,$287.05,$288.77,$286.71
07/13/2017,$286.76,705408,$287.12,$287.85,$285.78
07/12/2017,$286.36,812344,$287.15,$288.77,$286.36
07/11/2017,$286.42,915639,$285.57,$287.75,$285.06
07/10/2017,$285.57,1348114,$285.5,$287.91,$284.22
07/07/2017,$285.2,1175032,$281.66,$286.95,$281.5
07/06/2017,$280.96,765967,$282,$283.475,$280.4
07/05/2017,$282.4,868027,$279.5,$283.72,$279.4
07/03/2017,$278.92,462790,$277.39,$280.48,$277.2
06/30/2017,$277.61,1085613,$277.62,$278.92,$276.32
06/29/2017,$276.73,905051,$279.85,$279.85,$274.69
06/28/2017,$280.02,955895,$279.08,$280.92,$278.37
06/27/2017,$277.83,739174,$279.32,$280.21,$277.83
06/26/2017,$279.7,887131,$281.17,$283.2,$279.49
06/23/2017,$280.64,1026843,$280.03,$281.48,$280.03
06/22/2017,$280.43,665746,$282.73,$283.71,$280.38
06/21/2017,$282.99,754720,$283.68,$284.21,$282.21
06/20/2017,$282.89,967621,$282.95,$284.98,$282.395
06/19/2017,$282.3,1063664,$281.75,$284.4799,$281.39
06/16/2017,$281.11,1287185,$282.13,$282.2799,$280.68
06/15/2017,$280.93,617749,$279.75,$281.57,$277.773
06/14/2017,$280.3,828899,$278.1,$282.32,$278
06/13/2017,$278.36,638691,$276.9,$278.94,$275.48
06/12/2017,$276.89,835958,$277.09,$277.225,$273.73
06/09/2017,$277,1021395,$277.66,$279.1899,$276.61
06/08/2017,$277.62,1112528,$278,$278.69,$276.67
06/07/2017,$277.38,658854,$277.41,$277.85,$276.24
06/06/2017,$276.88,889933,$279.54,$279.9477,$276.72
06/05/2017,$280.13,623048,$281.5,$282.3,$280.09
06/02/2017,$281.76,749121,$281.28,$282.89,$280.75
06/01/2017,$280.96,829219,$281.18,$281.7,$279.5
05/31/2017,$281.13,1506836,$279.47,$281.28,$279.27
05/30/2017,$280.09,902005,$281.83,$282.84,$279.73
05/26/2017,$283.65,852121,$282.04,$284,$281.54
05/25/2017,$282.06,832993,$281,$282.33,$280.56
05/24/2017,$280.05,872148,$278.22,$280.56,$278.11
05/23/2017,$278.36,874522,$278,$278.62,$276.1
05/22/2017,$277.03,1600354,$280.79,$280.79,$276.22
05/19/2017,$272.79,1252363,$268.7,$272.88,$268.11
05/18/2017,$267.32,1245780,$268.54,$269,$266.01
05/17/2017,$269.24,943179,$270.1,$270.73,$268.9101
05/16/2017,$271.65,614702,$272.08,$273.26,$271.43
05/15/2017,$272.35,612664,$271.28,$272.47,$271.05
05/12/2017,$271.26,599643,$270.91,$271.7,$270.75
05/11/2017,$272.09,605410,$271.14,$272.2499,$270.2
05/10/2017,$271.74,934840,$272.88,$273.71,$270.17
05/09/2017,$273.87,897905,$273,$274.22,$272.268
05/08/2017,$272.5,674829,$272.92,$274,$272.1
05/05/2017,$273.03,812336,$270.68,$273.1,$270.21
05/04/2017,$270.51,691113,$269.87,$270.71,$268.86
05/03/2017,$269.6,636526,$268.75,$269.95,$268.2
05/02/2017,$269.49,732041,$268.19,$269.87,$268
05/01/2017,$268.43,841671,$269.55,$270.11,$268.37
04/28/2017,$269.45,1003849,$271.07,$271.542,$268.62
04/27/2017,$271.14,953765,$270.84,$272.77,$269.94
04/26/2017,$270.35,1475784,$270.59,$272.51,$269.54
04/25/2017,$270.02,2963499,$273.9,$274.5,$267.675
04/24/2017,$276.21,1097758,$275.54,$276.64,$274.31
04/21/2017,$273.09,955483,$272.2,$274.49,$272
04/20/2017,$271.85,814408,$270.15,$273.199,$269.665
04/19/2017,$269.63,816649,$269.69,$270.0484,$268.67
04/18/2017,$268.78,762905,$269.88,$270.7,$268.22
04/17/2017,$269.88,811635,$268.13,$269.9,$267.91
04/13/2017,$268,763704,$268.14,$270.28,$268
04/12/2017,$268.51,955388,$269.89,$270.475,$268.04
04/11/2017,$270.27,744436,$269,$270.52,$268.18
04/10/2017,$269.03,788772,$270.19,$271.36,$268.835
04/07/2017,$270.23,1020727,$272.34,$272.34,$268.18
04/06/2017,$267.11,740487,$266.87,$267.79,$266.32
04/05/2017,$266.98,949303,$269.84,$270.95,$266.81
04/04/2017,$269.56,567988,$268.54,$270.05,$268.25
04/03/2017,$268.68,799096,$267.6,$269.3,$267.35
03/31/2017,$267.6,1213915,$270.47,$270.47,$267.6
03/30/2017,$270.54,562405,$268.56,$270.93,$268.21
03/29/2017,$268.24,813955,$268.92,$268.92,$267.26
03/28/2017,$269.12,1021275,$266.63,$270.7899,$266.02
03/27/2017,$267.16,994382,$265.65,$267.8799,$264.041
03/24/2017,$267.42,870483,$269.83,$269.978,$266.725
03/23/2017,$269.5,804097,$269.42,$271.47,$268.98
03/22/2017,$269.42,1020740,$268.83,$270.28,$267.91
03/21/2017,$269,1359509,$272.35,$273.02,$268.36
03/20/2017,$272.03,1324995,$272.16,$274.57,$271.625
03/17/2017,$271.98,2127064,$268.78,$272.18,$268.3
03/16/2017,$267.94,981126,$270.68,$270.68,$267.13
03/15/2017,$269.44,748495,$268,$269.87,$267.75
03/14/2017,$268,701640,$268.93,$269.15,$267.38
03/13/2017,$269.19,730835,$268.51,$269.26,$268.0049
03/10/2017,$268.66,687343,$269.9,$269.9,$267.27
03/09/2017,$268.68,729406,$268,$269,$267.54
03/08/2017,$267.72,820091,$269,$269.045,$267.31
03/07/2017,$269.04,884220,$267.31,$269.38,$267.3
03/06/2017,$267.72,778300,$267.43,$268.48,$266.8
03/03/2017,$267.76,771928,$267.07,$268.33,$266.251
03/02/2017,$266.99,953388,$269,$269,$266.22
03/01/2017,$268.38,1125411,$269.09,$270,$267.33
02/28/2017,$266.58,2048683,$269.64,$269.72,$266.45
02/27/2017,$269.36,1500137,$265,$270,$264.2
02/24/2017,$266,929019,$264.57,$266,$263.18
02/23/2017,$264.85,1008178,$266.31,$266.31,$263.77
02/22/2017,$265.92,712565,$265,$266.02,$264.21
02/21/2017,$265.66,957253,$264.81,$266.07,$264.19
02/17/2017,$265.35,882728,$264.71,$265.43,$263.5
02/16/2017,$265.33,858990,$263.92,$265.4,$262.73
02/15/2017,$263.46,1063781,$262,$263.76,$261.07
02/14/2017,$262.56,824097,$262.19,$263.16,$261.85
02/13/2017,$262.35,906753,$261.05,$263.11,$261.02
02/10/2017,$260.55,749401,$258.48,$260.916,$258
02/09/2017,$258.2,869478,$256.8,$259.04,$256.8
02/08/2017,$256.74,973415,$256.93,$257.809,$256.4
02/07/2017,$256.37,977790,$256,$257.3,$255.58
02/06/2017,$255.31,980816,$254.43,$257.07,$254.11
02/03/2017,$254.46,1803009,$252.67,$256.46,$251.5
02/02/2017,$251.97,1044580,$250.9,$252.165,$250.34
02/01/2017,$250.9,1210084,$250.83,$252.56,$249.98
01/31/2017,$251.33,1276307,$252.32,$252.5,$249.96
01/30/2017,$252.83,1536806,$254.33,$256.28,$251.88
01/27/2017,$253.5,2597603,$254.98,$259.12,$250.13
01/26/2017,$254.97,1956178,$250,$254.99,$249.55
01/25/2017,$251,2329637,$253.06,$254.3299,$248
01/24/2017,$252.91,2984848,$250.38,$253.45,$249.02
01/23/2017,$257.48,1605219,$258.15,$259.74,$255.02
01/20/2017,$257.73,1182285,$257.96,$258.08,$256.1
01/19/2017,$257.03,1074943,$255.57,$257.44,$255.19
01/18/2017,$254.07,925337,$254.1,$254.73,$252.9401
01/17/2017,$254.12,1431473,$253.46,$254.34,$252.06
01/13/2017,$254.53,1161014,$252.74,$255.95,$252.02
01/12/2017,$252.62,1153334,$254.91,$255.33,$251.31
01/11/2017,$255.13,1613776,$256.3,$257,$251.71
01/10/2017,$256.17,1146198,$258.16,$258.96,$256.17
01/09/2017,$257.81,1067078,$258,$258.99,$257.43
01/06/2017,$257.85,1246019,$255.48,$258.57,$255.48
01/05/2017,$255.98,1279404,$254.37,$258.02,$254.1
01/04/2017,$253.99,1077644,$254.1,$254.9,$253.34
01/03/2017,$253.31,1667666,$251.2,$254.11,$250.76
12/30/2016,$249.94,1058119,$250.53,$251.32,$248.78
12/29/2016,$250.59,900895,$250.19,$251.915,$249.45
12/28/2016,$249.58,997754,$250.44,$251,$248.52
12/27/2016,$250.86,788798,$250.78,$251.75,$250.2
12/23/2016,$249.59,2086636,$248.17,$251.88,$247.01
12/22/2016,$252.8,814667,$252.01,$253.5,$251.1
12/21/2016,$252.52,816716,$254.5,$254.5,$252.28
12/20/2016,$253.73,900162,$252.18,$253.78,$252.1
12/19/2016,$252.18,1045578,$249.54,$252.46,$249.54
12/16/2016,$250.08,2137961,$251.28,$252.79,$249.03
12/15/2016,$250.65,1855022,$252.34,$253.31,$250.41
12/14/2016,$252.3,1844320,$252.31,$254.83,$252.08
12/13/2016,$251.69,2500958,$254.67,$255.5,$250.12
12/12/2016,$253.11,7078760,$251.78,$253.7,$245.5
12/09/2016,$259.53,1545958,$258.6,$260.22,$258.06
12/08/2016,$259.25,2766991,$266.38,$266.38,$258.6101
12/07/2016,$266.38,1269383,$266.07,$267,$264.35
12/06/2016,$266,1141409,$265.83,$266.795,$264.01
12/05/2016,$266.93,1268827,$268.95,$269.9,$266.31
12/02/2016,$267.62,1089801,$266.58,$268.15,$266.01
12/01/2016,$266.4,874888,$265.29,$266.53,$264.31
11/30/2016,$265.25,1467893,$267.55,$267.95,$265.25
11/29/2016,$266.58,1209460,$264.5,$267.767,$263.71
11/28/2016,$265.93,1338029,$265.73,$266.23,$264.86
11/25/2016,$265.92,653602,$265.34,$266.49,$264.65
11/23/2016,$264.4,1039660,$264.91,$265.82,$263.56
11/22/2016,$264.66,1244570,$264.49,$265.64,$263.42
11/21/2016,$263.42,965439,$264.05,$264.33,$262.64
11/18/2016,$263.09,1197083,$263.14,$264.46,$261.58
11/17/2016,$263.28,914187,$263.5,$264.47,$262.39
11/16/2016,$263.35,1463915,$265.87,$266.17,$261.46
11/15/2016,$265.93,2014569,$268.79,$269.74,$261.85
11/14/2016,$267.24,2454134,$261.23,$267.81,$260.8
11/11/2016,$259.17,1997356,$257.96,$259.73,$255.06
11/10/2016,$257.27,2625884,$257.5,$258.19,$252.77
11/09/2016,$253.46,4184128,$256.59,$257.48,$250
11/08/2016,$239.19,1257819,$239,$240.915,$238.6
11/07/2016,$239.27,1375966,$239.83,$239.92,$237.52
11/04/2016,$236.28,1512075,$238.85,$239.7,$236.2064
11/03/2016,$238.7,1694744,$242.55,$243.4,$237.11
11/02/2016,$245.11,954121,$244.95,$247.65,$244.2
11/01/2016,$244.98,1081137,$247.19,$247.19,$244.23
10/31/2016,$246.38,1320757,$248.24,$248.81,$245.68
10/28/2016,$248,1118799,$248.72,$250.1682,$247.69
10/27/2016,$248.53,1293900,$250.28,$251.24,$248.05
10/26/2016,$250.09,2112342,$248.6,$252,$247.49
10/25/2016,$249.26,3130850,$241.08,$249.79,$238.64
10/24/2016,$232.16,1304383,$231.5,$232.49,$230.92
10/21/2016,$230.52,1553133,$231.07,$231.16,$228.5
10/20/2016,$231.83,922754,$232.15,$232.71,$230.72
10/19/2016,$232.33,992555,$233.08,$233.74,$231.58
10/18/2016,$232.79,867910,$234.29,$239.6,$232.58
10/17/2016,$232.77,793257,$232.68,$234.33,$232.6
10/14/2016,$232.57,1081034,$233.38,$234.09,$231.93
10/13/2016,$232.99,1112115,$231.66,$233.4199,$231.05
10/12/2016,$232.1,1255977,$231.93,$233.12,$231.37
10/11/2016,$231.85,1060443,$233,$233.63,$231.6415
10/10/2016,$233.29,990190,$233.82,$234.93,$233.12
10/07/2016,$233.53,2183925,$233.2,$233.99,$231.57
10/06/2016,$234.72,1899766,$237,$237.02,$234.48
10/05/2016,$236.6,1170607,$239.05,$239.05,$236.5
10/04/2016,$237.1,1407658,$240.96,$241.05,$236.5
10/03/2016,$240.58,1339004,$238.71,$241.2999,$237.54
09/30/2016,$239.72,2167009,$243.06,$243.47,$237.33
09/29/2016,$242.34,1134098,$246.08,$246.08,$240.96
09/28/2016,$245.75,1352627,$246.13,$246.96,$244.86
09/27/2016,$245.79,946531,$246.04,$247.02,$245.3
09/26/2016,$245.53,880701,$245.71,$247.48,$245.01
09/23/2016,$245.84,858661,$246.08,$246.54,$244.64
09/22/2016,$246.62,1172555,$244.95,$247.03,$244.74
09/21/2016,$243.82,1660336,$241.14,$243.87,$240.62
09/20/2016,$240.48,1007955,$241.35,$242.24,$240.48
09/19/2016,$240.88,1456361,$239.3,$241.89,$239.08
09/16/2016,$237.45,2892900,$238.42,$238.64,$237.25
09/15/2016,$239.09,1273505,$237.41,$239.49,$236.7
09/14/2016,$237.41,1494460,$237.41,$239.01,$236.911
09/13/2016,$237.41,1609016,$237.67,$238.721,$237
09/12/2016,$238.8,1821901,$236.5,$239.5,$235.28
09/09/2016,$237.94,1573542,$240.14,$240.64,$237.89
09/08/2016,$241.63,1249200,$240.49,$242.25,$240
09/07/2016,$241.37,1245847,$242.16,$243,$241.15
09/06/2016,$243,1600397,$244.24,$244.49,$242.26
09/02/2016,$243.32,1492696,$243.75,$245,$242.26
09/01/2016,$243.61,1336866,$243.13,$243.84,$241.9
08/31/2016,$242.97,2890210,$239,$243.62,$238.6
08/30/2016,$239.45,1886924,$242.65,$243.31,$238.851
08/29/2016,$244.3,1637518,$245,$246.08,$244.04
08/26/2016,$244.44,4697112,$249,$249.8,$243.65
08/25/2016,$248.53,4383875,$247.61,$250.19,$246
08/24/2016,$248.12,10559930,$248.76,$249.75,$244.8
08/23/2016,$249.75,10627640,$255.24,$255.24,$248.1365
08/22/2016,$254.2,3791008,$254.37,$256.42,$253.75
08/19/2016,$254.12,2412811,$254.73,$255,$252.7
08/18/2016,$255.42,2595877,$255.64,$255.99,$254.1
08/17/2016,$255.64,4381032,$256.7,$257.5,$251.55
08/16/2016,$256.77,7884148,$265.23,$266.045,$254.44
08/15/2016,$266.5,9143197,$264.22,$266.93,$264.2
08/12/2016,$264.15,13962160,$262.49,$265.34,$261.665
08/11/2016,$262.54,12648610,$261.5,$264.07,$260.15
08/10/2016,$261.3,9563650,$259.82,$262.1,$259.07
08/09/2016,$260.66,9899885,$260.43,$261.29,$259.18
08/08/2016,$260.19,8742993,$260,$261.87,$258.79
08/05/2016,$260.29,4417852,$259.14,$260.29,$257.63
08/04/2016,$257.75,5720398,$257.65,$258.78,$256.14
08/03/2016,$256.85,6827181,$257.51,$257.75,$254.75
08/02/2016,$257,4770880,$254.17,$257.46,$252.73
08/01/2016,$254.84,2782270,$252.63,$254.9255,$252.3
07/29/2016,$252.73,2178249,$254.5,$254.81,$252.7
07/28/2016,$254.55,2716030,$254.2,$254.89,$252.05
07/27/2016,$254.16,2593320,$255.47,$256,$253.0301
07/26/2016,$254.76,2121486,$255.62,$256.46,$253.83
07/25/2016,$255.62,1295923,$256.82,$257.28,$254.72
07/22/2016,$257.31,1864565,$254.6,$257.49,$253.05
07/21/2016,$254.14,2741162,$257.49,$257.49,$251.6
07/20/2016,$256.67,3361936,$259.32,$259.82,$255.89
07/19/2016,$258.96,4977660,$258.54,$263.37,$252.1
07/18/2016,$256.29,2345666,$257.78,$258.29,$255.3
07/15/2016,$256.98,3458425,$257.11,$257.62,$256.1
07/14/2016,$256,3324239,$257.19,$257.935,$254.7
07/13/2016,$255.9,4780670,$255.1,$256.44,$254.9201
07/12/2016,$254.7,4167128,$255.64,$256.375,$254.03
07/11/2016,$254.39,6337097,$252.38,$256.34,$251.92
07/08/2016,$251.9,1082799,$250.78,$252.295,$248.5
07/07/2016,$249.77,961248,$250.23,$251.22,$248.61
07/06/2016,$250.08,1387397,$250.95,$251.32,$247.88
07/05/2016,$249.51,1327568,$248.8,$250.38,$248.42
07/01/2016,$249.35,1427810,$248.24,$249.923,$248.24
06/30/2016,$248.17,2045552,$244.78,$248.72,$244.67
